"","Mean","SE","CI25","CI975","Rhat","Bulk_ESS","Tail_ESS","Factor","Order"
"Intercept",-3.6659979645356,5.97695920412817,-16.8517581834589,7.32040214372537,1.00071191754496,14732,15374,"Intercept","Bulgarian preverbal"
"Len",-6.93290042190378,7.61054700581514,-24.2195614498732,6.04000923364942,1.00072089301401,18344,16402,"Len","Bulgarian preverbal"
"Semantic_closeness",-11.1415821472503,5.78161195814986,-25.5143550934412,-3.24852122107401,1.00103581251969,10847,9401,"Semantic_closeness","Bulgarian preverbal"
"Lexical_frequency",-1.19368046551741,4.11102820086246,-10.0985060046898,6.65869101350284,1.00073870914148,14051,13283,"Lexical_frequency","Bulgarian preverbal"
"Predictability",7.57177475360618,4.74804955571076,0.994623990451554,19.0136832323586,1.00117436685576,10835,9829,"Predictability","Bulgarian preverbal"
"Pronominality",8.51663580441837,11.360855182479,-10.2692698269109,34.8073796857371,1.00101727694948,17576,12839,"Pronominality","Bulgarian preverbal"
