"","Mean","SE","CI25","CI975","Rhat","Bulk_ESS","Tail_ESS","Factor","Order"
"Intercept",0.0447490368078037,0.052110302134773,-0.0560952469525285,0.148592903188127,1.00019438298558,36382,30708,"Intercept","Czech postverbal"
"Len",1.48218730938612,0.081431436831986,1.32678108127135,1.64642129275346,1.00060615364519,63477,25729,"Len","Czech postverbal"
"Semantic_closeness",-0.12648865287262,0.0441541863376213,-0.212953123857947,-0.0406389113942535,1.00069080092328,74846,26670,"Semantic_closeness","Czech postverbal"
"Lexical_frequency",0.0557106900484777,0.0441801117206488,-0.030813076639216,0.143329875665733,1.00126327935768,54483,28115,"Lexical_frequency","Czech postverbal"
"Predictability",0.094392070223607,0.0852110491910999,-0.0712821675523432,0.260593502000138,1.00065894338795,73923,28006,"Predictability","Czech postverbal"
"Pronominality",1.14505951537141,0.245577636279307,0.674863249057004,1.63428586728381,1.00091219382018,56827,28404,"Pronominality","Czech postverbal"
