"","Mean","SE","CI25","CI975","Rhat","Bulk_ESS","Tail_ESS","Factor","Order"
"Intercept",0.0212781908908404,0.0591398460955247,-0.0938960742161508,0.138246870012555,1.00032918827214,49223,30518,"Intercept","Czech preverbal"
"Len",0.268456218670647,0.0754872191269798,0.121663764442819,0.419305107662435,1.00051745627104,62196,26973,"Len","Czech preverbal"
"Semantic_closeness",-0.0699269407858316,0.0501821021960994,-0.169417607581081,0.0274349762579431,1.00040095992538,63742,26822,"Semantic_closeness","Czech preverbal"
"Lexical_frequency",0.111538318399229,0.0627574766472896,-0.00407083484383641,0.24373237471501,1.00140550567752,61023,24536,"Lexical_frequency","Czech preverbal"
"Pronominality",0.671049863253852,0.130668899452768,0.41884290364498,0.929091045120109,1.00049182707091,61971,28845,"Pronominality","Czech preverbal"
"Predictability",-0.0721376476566933,0.0344915349311564,-0.140248696457154,-0.00534671065733082,1.00104145800192,62637,26577,"Predictability","Czech preverbal"
