"","Mean","SE","CI25","CI975","Rhat","Bulk_ESS","Tail_ESS","Factor","Order"
"Intercept",0.0773780631335716,0.0596916269876056,-0.0394752950842026,0.194124671169325,1.00031750379628,37903,31024,"Intercept","Spanish postverbal"
"Len",2.2319965991551,0.120170191968836,2.00193877729851,2.47283600133568,1.00027707073806,46198,27299,"Len","Spanish postverbal"
"Semantic_closeness",0.04271553678322,0.0505309436885917,-0.0557998246696004,0.142343669389307,1.00054592801463,69003,27866,"Semantic_closeness","Spanish postverbal"
"Lexical_frequency",-0.142863703534792,0.0865127776545012,-0.347367551691305,-0.00870807451736881,1.00035755454567,46477,20894,"Lexical_frequency","Spanish postverbal"
"Predictability",0.297274471413402,0.0737102184122928,0.153228827595112,0.443843848567831,1.0008046911465,62922,28504,"Predictability","Spanish postverbal"
"Pronominality",0.342282903966174,0.254622219398911,-0.1547886825181,0.846018250821316,1.00053100484834,66810,26208,"Pronominality","Spanish postverbal"
