"","Mean","SE","CI25","CI975","Rhat","Bulk_ESS","Tail_ESS","Factor","Order"
"Intercept",-4.24473590627124,0.956267737806053,-6.40627886418493,-2.64807258927831,1.00175269086497,8603,10459,"Intercept","French postverbal"
"Len",1.73350138607489,0.102798125387119,1.53607929468516,1.93908751028963,1.00061497584184,47352,27171,"Len","French postverbal"
"Semantic_closeness",0.0901722188138222,0.137542939496054,-0.177386135291749,0.364307982888669,1.00017776821753,37180,26614,"Semantic_closeness","French postverbal"
"Lexical_frequency",-0.110365558749786,16.6299868474296,-32.152404595935,30.9917180959582,1.00152748108437,19515,11467,"Lexical_frequency","French postverbal"
"Predictability",0.728256839895134,1.14339786491714,-1.40650210615421,3.09996943262015,1.00040408494698,39654,24850,"Predictability","French postverbal"
"Pronominality",0.131452984331524,0.296255388625238,-0.447969270724716,0.71855688401403,1.00076228774103,58126,24953,"Pronominality","French postverbal"
