"","Mean","SE","CI25","CI975","Rhat","Bulk_ESS","Tail_ESS","Factor","Order"
"Intercept",-0.0708368650784285,0.15622130418603,-0.383495885267054,0.232275494894282,1.00054854766946,34799,23801,"Intercept","Indonesian postverbal"
"Len",1.21839259471157,0.256635930941529,0.765468888624496,1.77711574891828,1.00116422464317,12028,12429,"Len","Indonesian postverbal"
"Semantic_closeness",0.216863278714133,0.153314498755,-0.070597774851687,0.531971799946645,1.00058650630883,24164,20521,"Semantic_closeness","Indonesian postverbal"
"Lexical_frequency",0.155542299859073,0.151711462867773,-0.138563418363488,0.46067454625328,1.0006728047066,37389,25450,"Lexical_frequency","Indonesian postverbal"
"Predictability",-0.836898852104461,0.279028344869424,-1.42853657229821,-0.335966818128744,1.00149305125436,12766,15275,"Predictability","Indonesian postverbal"
"Pronominality",-0.864699708495653,0.982068863604794,-2.87692251252982,0.990219255478091,1.00081633920077,35176,24359,"Pronominality","Indonesian postverbal"
