"","Mean","SE","CI25","CI975","Rhat","Bulk_ESS","Tail_ESS","Factor","Order"
"Intercept",-0.105462527666484,0.21146220699593,-0.534065160542748,0.303418990173602,1.0002571424159,26446,23722,"Intercept","Italian preverbal"
"Len",-0.198569717184428,0.266958848165815,-0.737959139343498,0.311745517403363,1.00048622626063,28371,25967,"Len","Italian preverbal"
"Semantic_closeness",-0.087179192145522,0.160102080669711,-0.403860818415418,0.226358400940481,1.00026245284252,30790,26331,"Semantic_closeness","Italian preverbal"
"Lexical_frequency",3.16738827393605,6.21996877479416,-8.32612682351883,16.6114085122528,1.00064236546486,40176,21721,"Lexical_frequency","Italian preverbal"
"Pronominality",1.82783287041461,0.455447147658185,1.014043359882,2.79058225494744,1.00159732373484,14071,19034,"Pronominality","Italian preverbal"
"Predictability",-0.195505583665058,0.0747920803808573,-0.350210200375977,-0.0561750007084617,1.0007681446844,19930,21451,"Predictability","Italian preverbal"
