"","Mean","SE","CI25","CI975","Rhat","Bulk_ESS","Tail_ESS","Factor","Order"
"Intercept",0.0396351797256256,0.0860833025169839,-0.124234557126591,0.213618634358298,1.00060568728158,37010,26563,"Intercept","Japanese preverbal"
"Len",0.854877029401199,0.119700737877257,0.627308429520157,1.09696444329007,1.00052209881721,65130,24847,"Len","Japanese preverbal"
"Semantic_closeness",0.423094674656154,0.0827192918440372,0.262952518799992,0.587392722410069,1.00115121262089,68845,26001,"Semantic_closeness","Japanese preverbal"
"Lexical_frequency",-0.545851682412734,0.107267082342885,-0.761706113711034,-0.341534913950365,1.0007484759071,52238,29315,"Lexical_frequency","Japanese preverbal"
"Predictability",-0.152787700016324,0.0844892728503898,-0.319846725356067,0.0139580614698426,1.0008107648839,66287,29837,"Predictability","Japanese preverbal"
"Pronominality",1.39565670078027,0.401693841504843,0.640876885589416,2.21473386314897,1.00080994318733,66831,24761,"Pronominality","Japanese preverbal"
