"","Mean","SE","CI25","CI975","Rhat","Bulk_ESS","Tail_ESS","Factor","Order"
"Intercept",-0.440755880008092,0.106828673789995,-0.658843130621237,-0.239382153755148,1.0003867890578,25522,25709,"Intercept","Polish postverbal"
"Len",3.09721278996684,0.265283569903921,2.59713421539521,3.63764785111088,1.00032124618878,35716,27210,"Len","Polish postverbal"
"Semantic_closeness",-0.00627474336796489,0.0905193405816996,-0.181844063287558,0.170006828544104,1.00066912881541,61096,27696,"Semantic_closeness","Polish postverbal"
"Lexical_frequency",0.470723773648987,0.393507177140911,-0.0137172411152958,1.43896392351448,1.00017631864502,25155,20719,"Lexical_frequency","Polish postverbal"
"Predictability",0.368930644583483,0.211772937248528,-0.0426146181599631,0.787488933442947,1.00050509644419,59080,26200,"Predictability","Polish postverbal"
"Pronominality",2.71189341525577,0.440683609417419,1.91082480428884,3.64721018882418,1.00077297154725,54688,24775,"Pronominality","Polish postverbal"
