"","Mean","SE","CI25","CI975","Rhat","Bulk_ESS","Tail_ESS","Factor","Order"
"Intercept",-0.00327096995741236,0.18802363401494,-0.381661161444713,0.361641969028543,1.00030782287055,28221,22804,"Intercept","Polish preverbal"
"Len",0.32429182558802,0.182845125499849,0.00429535705425974,0.716337330138671,1.00068413767676,22658,18693,"Len","Polish preverbal"
"Semantic_closeness",0.399255890303332,0.17217031686942,0.0876134895245184,0.764957153955332,1.00088276813258,17583,21033,"Semantic_closeness","Polish preverbal"
"Lexical_frequency",-0.440965160622611,0.780918473463831,-2.20570181777328,0.864425068566766,1.00039576695077,36046,23173,"Lexical_frequency","Polish preverbal"
"Predictability",-0.164174325833799,0.0894416036098832,-0.347125689026294,0.00741385200605002,1.0005276769491,31677,22990,"Predictability","Polish preverbal"
"Pronominality",0.616799016095282,0.536009279137472,-0.403450947555968,1.70718749917521,1.00031121116006,33283,27549,"Pronominality","Polish preverbal"
