"","Mean","SE","CI25","CI975","Rhat","Bulk_ESS","Tail_ESS","Factor","Order"
"Intercept",0.247340961583241,0.249086378255222,-0.219848689506806,0.76939738504091,1.0004275782318,18960,17054,"Intercept","Swedish postverbal"
"Len",2.73387995371745,0.4710251399953,1.92171744807627,3.76685483366326,1.00112617913797,13371,15084,"Len","Swedish postverbal"
"Semantic_closeness",0.149787135357382,0.172364253865912,-0.181462584434877,0.492575793495693,1.00042360895353,38535,24492,"Semantic_closeness","Swedish postverbal"
"Lexical_frequency",-0.171244424597546,0.195540357872907,-0.560948097256953,0.220493057876402,1.00080812633863,34000,21838,"Lexical_frequency","Swedish postverbal"
"Predictability",-0.0431357594581515,0.235236214710273,-0.501204321305822,0.422048957783151,1.00029541458992,39525,27169,"Predictability","Swedish postverbal"
"Pronominality",2.35254370940874,0.674438623883463,1.17956944894844,3.81374411040549,1.00103621316029,13579,16323,"Pronominality","Swedish postverbal"
