"","Mean","SE","CI25","CI975","Rhat","Bulk_ESS","Tail_ESS","Factor","Order"
"Intercept",-0.446801986555455,1.85675860946628,-4.12629252531109,3.51145188468408,1.00155320539157,9375,11599,"Intercept","Ukrainian preverbal"
"Len",1.1410198109799,1.70503380434413,-2.25482554649578,4.73857311545992,1.00087102569716,14671,13615,"Len","Ukrainian preverbal"
"Semantic_closeness",-0.154477580421547,1.01502584186892,-2.43679183388874,1.67902868498548,1.00086601772391,14177,12799,"Semantic_closeness","Ukrainian preverbal"
"Lexical_frequency",-12.1017808756885,11.7278134389858,-40.4398326064945,6.82114713552485,1.00069063562763,13515,12208,"Lexical_frequency","Ukrainian preverbal"
"Predictability",0.0383349487797161,0.505566962473753,-1.01085619506552,1.04454439102256,1.00039812603584,19002,19204,"Predictability","Ukrainian preverbal"
"Pronominality",4.98010684176614,3.66013051835305,0.0935230502688876,14.0506805916371,1.0027836105855,6057,9592,"Pronominality","Ukrainian preverbal"
