"","Mean","SE","CI25","CI975","Rhat","Bulk_ESS","Tail_ESS","Factor","Order"
"Intercept",-0.305857822823759,0.371085352645601,-1.15543770879308,0.328725565313736,1.00148070290268,12503,9852,"Intercept","Ukrainian postverbal"
"Len",5.20695421369114,1.975497517317,2.72272873487107,10.2091866141408,1.00412241861232,3163,5283,"Len","Ukrainian postverbal"
"Semantic_closeness",0.299135150560876,0.315935284209696,-0.218877576335202,1.03575314171458,1.0016443013925,9087,8224,"Semantic_closeness","Ukrainian postverbal"
"Lexical_frequency",2.56033331932739,2.31872316175927,0.0384903924313341,8.5961657346468,1.00080940334505,12433,10242,"Lexical_frequency","Ukrainian postverbal"
"Predictability",-2.01328466437369,0.931289052300187,-4.24969924249322,-0.593806745935507,1.00244051003882,6429,8678,"Predictability","Ukrainian postverbal"
"Pronominality",3.74492346030734,1.66895328342584,1.48055632165802,7.93655094005617,1.00270505485214,4427,6087,"Pronominality","Ukrainian postverbal"
