"","Mean","SE","CI25","CI975","Rhat","Bulk_ESS","Tail_ESS","Factor","Order"
"Intercept",0.0201119058489024,0.471826258779598,-0.941268937450048,1.02454525360698,1.00176883028834,23990,13457,"Intercept","Chinese preverbal"
"Len",-0.278141124659829,0.506446347438044,-1.58909991412624,0.497430761678036,1.00194617716518,14599,8285,"Len","Chinese preverbal"
"Semantic_closeness",1.08723621294944,0.552301194146806,0.326949995702044,2.49240092166397,1.00270219473617,6930,10555,"Semantic_closeness","Chinese preverbal"
"Lexical_frequency",-1.80327032862136,1.0444040936603,-4.64174326983278,-0.60462394085705,1.00374044036172,5169,6794,"Lexical_frequency","Chinese preverbal"
"Predictability",-0.723409601261321,0.475890920661859,-1.88209666320157,0.0330096416005081,1.00117060539111,17530,11365,"Predictability","Chinese preverbal"
"Pronominality",4.77794376519259,2.78664101172392,1.41784991585417,12.201129110118,1.0033398371855,5392,7025,"Pronominality","Chinese preverbal"
